{
  "animation": "",
  "animation-delay": "",
  "animation-direction": "",
  "animation-duration": "",
  "animation-iteration-count": "",
  "animation-name": "",
  "animation-play-state": "",
  "animation-timing-function": "",
  "azimuth": "",
  "backface-visibility": "",
  "background": "",
  "background-attachment": "",
  "background-clip": "",
  "background-color": "",
  "background-image": "",
  "background-origin": "",
  "background-position": "",
  "background-repeat": "",
  "background-size": "",
  "bleed": "",
  "border": "",
  "border-bottom": "",
  "border-bottom-color": "",
  "border-bottom-left-radius": "",
  "border-bottom-right-radius": "",
  "border-bottom-style": "",
  "border-bottom-width": "",
  "border-collapse": "",
  "border-color": "",
  "border-image": "",
  "border-image-outset": "",
  "border-image-repeat": "",
  "border-image-source": "",
  "border-image-width": "",
  "border-left": "",
  "border-left-color": "",
  "border-left-style": "",
  "border-left-width": "",
  "border-radius": "",
  "border-right": "",
  "border-right-color": "",
  "border-right-style": "",
  "border-right-width": "",
  "border-spacing": "",
  "border-style": "",
  "border-top": "",
  "border-top-color": "",
  "border-top-left-radius": "",
  "border-top-right-radius": "",
  "border-top-style": "",
  "border-top-width": "",
  "border-width": "",
  "bottom": "",
  "box-shadow": "",
  "box-sizing": "",
  "caption-side": "",
  "clear": "",
  "clip": "",
  "color": "",
  "column-count": "",
  "column-fill": "",
  "column-gap": "",
  "column-rule": "",
  "column-rule-color": "",
  "column-rule-style": "",
  "column-rule-width": "",
  "column-span": "",
  "column-width": "",
  "columns": "",
  "content": "",
  "counter-increment": "",
  "counter-reset": "",
  "cursor": "",
  "direction": "",
  "display": "",
  "empty-cells": "",
  "float": "",
  "font": "",
  "font-family": "",
  "font-size": "",
  "font-size-adjust": "",
  "font-stretch": "",
  "font-style": "",
  "font-variant": "",
  "font-weight": "",
  "height": "",
  "hyphens": "",
  "image-rendering": "",
  "left": "",
  "letter-spacing": "",
  "line-height": "",
  "list-style": "",
  "list-style-image": "",
  "list-style-position": "",
  "list-style-type": "",
  "margin": "",
  "margin-bottom": "",
  "margin-left": "",
  "margin-right": "",
  "margin-top": "",
  "marker-offset": "",
  "marks": "",
  "max-height": "",
  "max-width": "",
  "min-height": "",
  "min-width": "",
  "opacity": "",
  "orphans": "",
  "outline": "",
  "outline-color": "",
  "outline-offset": "",
  "outline-style": "",
  "outline-width": "",
  "overflow": "",
  "overflow-x": "",
  "padding": "",
  "padding-bottom": "",
  "padding-left": "",
  "padding-right": "",
  "padding-top": "",
  "page-break-after": "",
  "page-break-before": "",
  "page-break-inside": "",
  "perspective": "",
  "perspective-origin": "",
  "position": "",
  "quotes": "",
  "resize": "",
  "right": "",
  "tab-size": "",
  "table-layout": "",
  "text-align": "",
  "text-align-last": "",
  "text-decoration": "",
  "text-decoration-color": "",
  "text-decoration-line": "",
  "text-decoration-style": "",
  "text-indent": "",
  "text-shadow": "",
  "text-transform": "",
  "top": "",
  "transform": "",
  "transform-origin": "",
  "transform-style": "",
  "transition": "",
  "transition-delay": "",
  "transition-duration": "",
  "transition-property": "",
  "transition-timing-function": "",
  "vertical-align": "",
  "visibility": "",
  "white-space": "",
  "widows": "",
  "width": "",
  "word-spacing": "",
  "word-wrap": "",
  "z-index": ""
}